,id_name,is_potentially_hazardous_asteroid,estimated_diameter.meters.estimated_diameter_min,estimated_diameter.meters.estimated_diameter_max,close_approach_date,epoch_date_close_approach,orbiting_body,relative_velocity.kilometers_per_second,relative_velocity.kilometers_per_hour,orbit_class_description
0,2154652-154652 (2004 EP20),False,483.6764882185,1081.533506775,1995-01-07,789467580000,earth,16.1428635186,58114.3086669449,  Near-Earth-asteroid-orbits-similar-to-that-of-2062-Aten  
1,3153509-(2003 HM),True,96.5061469579,215.7943048444,1995-01-07,789491340000,earth,12.3510438151,44463.7577343496,  Near-Earth-asteroid-orbits-which-cross-the-Earth’s-orbit-similar-to-that-of-1862-Apollo 
2,3516633-(2010 HA),False,44.1118199997,98.6370281305,1995-01-07,789446820000,earth,6.2204353548,Unknown,  Near-Earth-asteroid-orbits-similar-to-that-of-2062-Aten  
3,3837644-(2019 AY3),False,46.1907460282,103.2856480504,1995-01-07,789513900000,earth,22.4786152837,80923.0150213416,  Near-Earth-asteroid-orbits-similar-to-that-of-2062-Aten  
4,3843493-(2019 PY),False,22.1082810359,49.435619262,1995-01-07,789446700000,earth,4.9986912098,17995.2883553078, Near-Earth-asteroid-orbits-similar-to-that-of-1221-Amor  
5,3765015-(2016 WR48),False,160.1603379786,358.1294030194,1995-01-08,789569160000,earth,7.4650893561,26874.3216818148, An-asteroid-orbit-contained-entirely-within-the-orbit-of-the-Eart  
6,3824107-(2018 JB3),False,802.7031672829,1794.8988477988,1995-01-08,789562440000,earth,32.1607528615,115778.71030144,  Near-Earth-asteroid-orbits-which-cross-the-Earth’s-orbit-similar-to-that-of-1862-Apollo 
7,2446862-446862 (2001 VB76),True,231.5021222103,517.6544821978,1995-01-08,789556380000,earth,7.5907111593,27326.560173582, Near-Earth-asteroid-orbits-similar-to-that-of-1221-Amor  
8,3623683-(2013 AG53),False,27.8326768072,62.2357573367,1995-01-05,789285720000,earth,5.4474225417,19610.7211502161, Near-Earth-asteroid-orbits-similar-to-that-of-1221-Amor  
9,3645123-(2013 NX23),False,483.6764882185,1081.533506775,1995-01-05,789345060000,earth,21.6051988007,77778.7156823659, Near-Earth-asteroid-orbits-similar-to-that-of-1221-Amor  
10,2416151-416151 (2002 RQ25),False,192.5550781879,430.566244241,1995-01-05,789276480000,earth,7.6363343327,27490.8035975483, Near-Earth-asteroid-orbits-similar-to-that-of-1221-Amor  
11,3550117-(2010 VB),False,20.1629919443,45.0858206172,1995-01-05,789316320000,earth,7.7759841602,27993.542976657,  Near-Earth-asteroid-orbits-which-cross-the-Earth’s-orbit-similar-to-that-of-1862-Apollo 
12,3471692-(2009 UP1),False,291.4439045349,651.6883821679,1995-01-06,789402360000,earth,13.7631523886,49547.3485989409,  Near-Earth-asteroid-orbits-which-cross-the-Earth’s-orbit-similar-to-that-of-1862-Apollo 
13,3713272-(2015 EF7),False,35.0392641108,78.3501764334,1995-01-06,789367860000,earth,6.6616654938,23981.9957775161,  Near-Earth-asteroid-orbits-which-cross-the-Earth’s-orbit-similar-to-that-of-1862-Apollo 
14,2137062-137062 (1998 WM),False,1272.1987853936,2844.7229650327,1995-01-06,789367620000,earth,9.6048767738,34577.5563855991, Near-Earth-asteroid-orbits-similar-to-that-of-1221-Amor  
15,3893486-(2019 WN2),False,8.4053340207,18.7948982439,1995-01-06,789352860000,earth,7.0205499158,25273.9796969348,  Near-Earth-asteroid-orbits-similar-to-that-of-2062-Aten  
16,3766463-(2017 AY13),True,133.2155666981,297.8790627982,1995-01-03,789096660000,earth,14.2350916869,51246.3300727039,  Near-Earth-asteroid-orbits-which-cross-the-Earth’s-orbit-similar-to-that-of-1862-Apollo 
17,3342323-(2006 SF6),True,278.3267680719,622.3575733667,1995-01-03,789120000000,earth,5.2486366908,18895.0920867914,  Near-Earth-asteroid-orbits-which-cross-the-Earth’s-orbit-similar-to-that-of-1862-Apollo 
18,2002102-2102 Tantalus (1975 YA),True,1677.0846216284,3750.0752179805,1995-01-03,789169980000,earth,32.4056287596,Unknown,  Near-Earth-asteroid-orbits-which-cross-the-Earth’s-orbit-similar-to-that-of-1862-Apollo 
19,2452807-452807 (2006 KV89),True,146.0679642714,326.6178974458,1995-01-03,789103980000,earth,5.2019174692,18726.9028892138,  Near-Earth-asteroid-orbits-which-cross-the-Earth’s-orbit-similar-to-that-of-1862-Apollo 
20,2481394-481394 (2006 SF6),True,278.3267680719,622.3575733667,1995-01-03,789157020000,earth,5.2487147466,18895.3730879092,  Near-Earth-asteroid-orbits-which-cross-the-Earth’s-orbit-similar-to-that-of-1862-Apollo 
21,2308041-308041 (2004 TN),False,441.1181999969,986.3702813054,1995-01-04,789244380000,earth,15.4530476495,55630.9715383354,  Near-Earth-asteroid-orbits-similar-to-that-of-2062-Aten  
22,3359282-(2006 WN3),False,291.4439045349,651.6883821679,1995-01-04,789184320000,earth,14.2722708044,51380.1748958573,  Near-Earth-asteroid-orbits-similar-to-that-of-2062-Aten  
23,3485631-(2010 AF40),False,26.58,59.4346868419,1995-01-04,789194220000,earth,25.3475444872,91251.1601539319,  Near-Earth-asteroid-orbits-similar-to-that-of-2062-Aten  
24,3825569-(2018 NF1),False,31.9561886721,71.4562101727,1995-01-04,789234240000,earth,9.81018732,35316.6743519151,  Near-Earth-asteroid-orbits-similar-to-that-of-2062-Aten  
25,2002101-2101 Adonis (1936 CA),True,461.9074602816,1032.8564805039,1995-01-04,789187800000,earth,15.4327926846,Unknown, An-asteroid-orbit-contained-entirely-within-the-orbit-of-the-Eart  
26,2138947-138947 (2001 BA40),False,506.4714588346,1132.5046106177,1995-01-04,789221760000,earth,10.1550915818,36558.3296945282,  Near-Earth-asteroid-orbits-which-cross-the-Earth’s-orbit-similar-to-that-of-1862-Apollo 
27,3716433-(2015 HA1),False,152.9519353442,342.0109247198,1995-01-04,789225180000,earth,17.398716775,62635.3803901775,  Near-Earth-asteroid-orbits-similar-to-that-of-2062-Aten  
28,3766036-(2016 XR23),False,22.1082810359,49.435619262,1995-01-04,789246000000,earth,19.5043542583,70215.675330042,  Near-Earth-asteroid-orbits-similar-to-that-of-2062-Aten  
29,3843734-(2019 RA),False,21.113244479,47.2106498806,1995-01-04,789178620000,earth,5.4829884789,19738.7585239395,  Near-Earth-asteroid-orbits-which-cross-the-Earth’s-orbit-similar-to-that-of-1862-Apollo 
30,3703080-(2014 YW34),True,121.4940407996,271.6689340891,1995-01-01,788954880000,earth,6.1687778278,Unknown,  Near-Earth-asteroid-orbits-which-cross-the-Earth’s-orbit-similar-to-that-of-1862-Apollo 
31,3792437-(2017 XR61),False,63.7609789875,142.5738833281,1995-01-01,788968980000,earth,16.5213860889,59476.989919936, An-asteroid-orbit-contained-entirely-within-the-orbit-of-the-Eart  
32,3723955-(2015 NK3),False,146.0679642714,326.6178974458,1995-01-01,788930700000,earth,18.1139850263,65210.3460948409, An-asteroid-orbit-contained-entirely-within-the-orbit-of-the-Eart  
33,3553279-(2010 XB24),True,116.0259082094,259.4418179074,1995-01-02,789059520000,earth,14.9782587738,53921.7315857621, Near-Earth-asteroid-orbits-similar-to-that-of-1221-Amor  
34,3825428-(2018 MA5),False,14.6067964271,32.6617897446,1995-01-02,789017280000,earth,6.4021620104,23047.7832375179, Near-Earth-asteroid-orbits-similar-to-that-of-1221-Amor  
35,3639467-(2013 LC1),False,44.1118199997,98.6370281305,1995-01-02,789075420000,earth,11.5802363188,41688.8507475223, An-asteroid-orbit-contained-entirely-within-the-orbit-of-the-Eart  
36,3703059-(2014 YE15),False,5.8150703965,13.0028927004,1995-01-02,789051600000,earth,15.1128684067,54406.326264187,  Near-Earth-asteroid-orbits-similar-to-that-of-2062-Aten  
37,3943319-(2019 YS),False,1.332155667,2.978790628,1995-01-02,789086460000,earth,2.9755350607,10711.9262185554,  Near-Earth-asteroid-orbits-which-cross-the-Earth’s-orbit-similar-to-that-of-1862-Apollo 
38,54016806-(2020 HT7),False,11.2345317672,25.1211767268,1995-01-02,789018840000,earth,7.1500141326,25740.0508773213, Near-Earth-asteroid-orbits-similar-to-that-of-1221-Amor  
39,3842683-(2019 LO),False,8.0270316728,17.948988478,1995-01-09,789627180000,earth,7.6152812259,27415.0124133414,  Near-Earth-asteroid-orbits-which-cross-the-Earth’s-orbit-similar-to-that-of-1862-Apollo 
40,3366282-(2007 BD),False,22.1082810359,49.435619262,1995-01-09,789652920000,earth,23.3997220939,84238.9995379446, An-asteroid-orbit-contained-entirely-within-the-orbit-of-the-Eart  
41,3544935-(2010 PW58),True,121.4940407996,271.6689340891,1995-01-09,789669240000,earth,11.1607357991,40178.6488767589,  Near-Earth-asteroid-orbits-which-cross-the-Earth’s-orbit-similar-to-that-of-1862-Apollo 
42,3797669-(2018 AW11),False,17.561231848,39.2681081809,1995-01-09,789667320000,earth,5.7808744202,20811.1479127669, An-asteroid-orbit-contained-entirely-within-the-orbit-of-the-Eart  
43,3735599-(2015 WA13),False,16.0160337979,35.8129403019,1995-01-09,789674400000,earth,8.1492924834,29337.4529404107, Near-Earth-asteroid-orbits-similar-to-that-of-1221-Amor  
44,3102756-(2002 AO11),False,76.6575573531,171.4115092306,1995-01-14,790066980000,earth,11.6500973732,41940.3505436064, Near-Earth-asteroid-orbits-similar-to-that-of-1221-Amor  
45,2434632-434632 (2005 WE),False,291.4439045349,651.6883821679,1995-01-14,790046160000,earth,10.1296631155,36466.7872158652,  Near-Earth-asteroid-orbits-similar-to-that-of-2062-Aten  
46,3457846-(2009 HG21),False,26.58,59.4346868419,1995-01-14,790084260000,earth,13.7000461198,49320.1660312508, Near-Earth-asteroid-orbits-similar-to-that-of-1221-Amor  
47,2495323-495323 (2014 JG78),False,319.5618867213,714.5621017269,1995-01-15,790212960000,earth,10.8088500572,38911.8602059758, An-asteroid-orbit-contained-entirely-within-the-orbit-of-the-Eart  
48,2510055-510055 (2010 FH81),True,127.2198785394,284.4722965033,1995-01-15,790138380000,earth,9.8408312207,35426.9923944775,  Near-Earth-asteroid-orbits-which-cross-the-Earth’s-orbit-similar-to-that-of-1862-Apollo 
49,3514799-(2010 FH81),True,127.2198785394,284.4722965033,1995-01-15,790156800000,earth,9.8408316738,35426.9940257225, An-asteroid-orbit-contained-entirely-within-the-orbit-of-the-Eart  
50,3671135-(2014 JG78),False,319.5618867213,714.5621017269,1995-01-15,790156800000,earth,10.8088439585,38911.83825064,  Near-Earth-asteroid-orbits-similar-to-that-of-2062-Aten  
51,3092506-(2001 WJ4),False,8.801465209,19.6806745089,1995-01-15,790160880000,earth,11.1738744976,40225.948191338,  Near-Earth-asteroid-orbits-which-cross-the-Earth’s-orbit-similar-to-that-of-1862-Apollo 
52,3761747-(2016 UO41),False,35.0392641108,78.3501764334,1995-01-15,790154820000,earth,10.3790222165,37364.4799793748,  Near-Earth-asteroid-orbits-similar-to-that-of-2062-Aten  
53,3709080-(2015 BV510),False,211.1324447897,472.1064988055,1995-01-15,790182960000,earth,32.1281627776,115661.385999198, An-asteroid-orbit-contained-entirely-within-the-orbit-of-the-Eart  
54,3485806-(2010 AL60),False,88.0146520901,196.8067450894,1995-01-12,789894300000,earth,11.6706583618,42014.3701023385, An-asteroid-orbit-contained-entirely-within-the-orbit-of-the-Eart  
55,3371143-(2007 EO88),False,13.9493822934,31.1917670523,1995-01-12,789922980000,earth,9.8910525391,35607.7891408843, An-asteroid-orbit-contained-entirely-within-the-orbit-of-the-Eart  
56,2230111-230111 (2001 BE10),True,402.3045798343,899.5803881691,1995-01-12,789936780000,earth,16.2693534256,58569.6723322741,  Near-Earth-asteroid-orbits-which-cross-the-Earth’s-orbit-similar-to-that-of-1862-Apollo 
57,2002062-2062 Aten (1976 AA),False,1010.5434154201,2259.643771094,1995-01-12,789875040000,earth,10.3240519745,37166.5871082511, Near-Earth-asteroid-orbits-similar-to-that-of-1221-Amor  
58,3515451-(2010 GV23),False,8.0270316728,17.948988478,1995-01-12,789908040000,earth,6.4940324303,23378.5167492441,  Near-Earth-asteroid-orbits-which-cross-the-Earth’s-orbit-similar-to-that-of-1862-Apollo 
59,3678562-(2014 OE338),False,167.7084621628,375.0075217981,1995-01-12,789913560000,earth,18.236464048,Unknown,  Near-Earth-asteroid-orbits-which-cross-the-Earth’s-orbit-similar-to-that-of-1862-Apollo 
60,3766324-(2017 AY3),False,201.6299194428,450.8582061718,1995-01-12,789890520000,earth,15.7875149268,56835.0537363864,  Near-Earth-asteroid-orbits-similar-to-that-of-2062-Aten  
61,3837932-(2019 AY13),False,84.0533402073,187.9489824394,1995-01-12,789938520000,earth,18.2560546111,65721.7966001058,  Near-Earth-asteroid-orbits-which-cross-the-Earth’s-orbit-similar-to-that-of-1862-Apollo 
62,3837973-(2019 BO1),False,319.5618867213,714.5621017269,1995-01-12,789905580000,earth,12.4614908455,44861.3670436585,  Near-Earth-asteroid-orbits-similar-to-that-of-2062-Aten  
63,2152964-152964 (2000 GP82),False,766.5755735311,1714.1150923063,1995-01-13,790001100000,earth,10.7348065466,38645.3035676534,  Near-Earth-asteroid-orbits-which-cross-the-Earth’s-orbit-similar-to-that-of-1862-Apollo 
64,3263533-(2004 XG29),False,23.150212221,51.7654482198,1995-01-13,790006500000,earth,17.1620093391,61783.2336206074, Near-Earth-asteroid-orbits-similar-to-that-of-1221-Amor  
65,3736819-(2015 YE),False,55.5334911581,124.1766612574,1995-01-13,790009800000,earth,18.7825458444,67617.1650396737, An-asteroid-orbit-contained-entirely-within-the-orbit-of-the-Eart  
66,3361551-(2006 WR127),False,231.5021222103,517.6544821978,1995-01-13,790010940000,earth,21.5193423706,77469.6325340826,  Near-Earth-asteroid-orbits-similar-to-that-of-2062-Aten  
67,3704145-(2015 AB246),False,80.2703167283,179.4898847799,1995-01-13,789962340000,earth,11.5094811181,41434.1320250948,  Near-Earth-asteroid-orbits-similar-to-that-of-2062-Aten  
68,3314052-(2006 BO55),False,211.1324447897,472.1064988055,1995-01-13,789993720000,earth,12.6021862577,45367.8705278892, An-asteroid-orbit-contained-entirely-within-the-orbit-of-the-Eart  
69,2526742-526742 (2006 WR127),False,231.5021222103,517.6544821978,1995-01-13,790010940000,earth,21.5193382684,77469.6177664031,  Near-Earth-asteroid-orbits-similar-to-that-of-2062-Aten  
70,3117420-(2002 EY2),True,366.9061375314,820.4270648822,1995-01-10,789703140000,earth,18.9235619734,68124.8231042537,  Near-Earth-asteroid-orbits-which-cross-the-Earth’s-orbit-similar-to-that-of-1862-Apollo 
71,3620667-(2012 XP111),False,53.0340723319,118.5877908577,1995-01-10,789730620000,earth,3.7998353604,13679.4072975604,  Near-Earth-asteroid-orbits-which-cross-the-Earth’s-orbit-similar-to-that-of-1862-Apollo 
72,2163023-163023 (2001 XU1),False,366.9061375314,820.4270648822,1995-01-10,789728400000,earth,15.8881862568,57197.470524376,  Near-Earth-asteroid-orbits-which-cross-the-Earth’s-orbit-similar-to-that-of-1862-Apollo 
73,3366004-(2007 AA9),False,88.0146520901,196.8067450894,1995-01-10,789760140000,earth,24.2888578981,87439.8884332712, Near-Earth-asteroid-orbits-similar-to-that-of-1221-Amor  
74,3429684-(2008 TZ),False,22.1082810359,49.435619262,1995-01-10,789762000000,earth,14.7612903218,53140.6451584192, An-asteroid-orbit-contained-entirely-within-the-orbit-of-the-Eart  
75,3666685-(2014 FO38),False,14.6067964271,32.6617897446,1995-01-10,789715980000,earth,8.4579845348,Unknown,  Near-Earth-asteroid-orbits-which-cross-the-Earth’s-orbit-similar-to-that-of-1862-Apollo 
76,3693721-(2014 US7),False,12.7219878539,28.4472296503,1995-01-10,789723540000,earth,6.5357580312,Unknown,  Near-Earth-asteroid-orbits-which-cross-the-Earth’s-orbit-similar-to-that-of-1862-Apollo 
77,3556126-(2011 BM45),True,127.2198785394,284.4722965033,1995-01-10,789702540000,earth,21.9477292873,79011.8254344272,  Near-Earth-asteroid-orbits-which-cross-the-Earth’s-orbit-similar-to-that-of-1862-Apollo 
78,2526798-526798 (2007 AA9),False,88.0146520901,196.8067450894,1995-01-10,789760140000,earth,24.2888578457,87439.8882443566, An-asteroid-orbit-contained-entirely-within-the-orbit-of-the-Eart  
79,2452376-452376 (2002 AC5),True,265.8,594.3468684194,1995-01-11,789860160000,earth,19.1764208552,69035.1150788215, An-asteroid-orbit-contained-entirely-within-the-orbit-of-the-Eart  
80,3444551-(2009 BC11),False,92.1626548503,206.0819612321,1995-01-11,789864660000,earth,24.9558613049,89841.1006977167,  Near-Earth-asteroid-orbits-which-cross-the-Earth’s-orbit-similar-to-that-of-1862-Apollo 
81,3520662-(2010 JR34),False,7.6657557353,17.1411509231,1995-01-11,789790920000,earth,10.9692520182,39489.3072655639,  Near-Earth-asteroid-orbits-similar-to-that-of-2062-Aten  
82,3703538-(2015 AA44),False,44.1118199997,98.6370281305,1995-01-11,789845340000,earth,22.4420465229,80791.3674822838,  Near-Earth-asteroid-orbits-which-cross-the-Earth’s-orbit-similar-to-that-of-1862-Apollo 
83,3740931-(2016 BA15),False,11.6025908209,25.9441817907,1995-01-11,789810000000,earth,27.9092028908,100473.1304067126, Near-Earth-asteroid-orbits-similar-to-that-of-1221-Amor  
84,3643994-(2013 LV28),False,461.9074602816,1032.8564805039,1995-01-11,789854940000,earth,25.5080689974,91829.0483906022,  Near-Earth-asteroid-orbits-which-cross-the-Earth’s-orbit-similar-to-that-of-1862-Apollo 
85,2250680-250680 (2005 QC5),True,305.1792325939,682.4015094011,1995-01-11,789820140000,earth,12.2268409668,44016.6274804832, An-asteroid-orbit-contained-entirely-within-the-orbit-of-the-Eart  
86,3170204-(2003 YS17),True,127.2198785394,284.4722965033,1995-01-11,789797760000,earth,7.7685401427,27966.7445137333, An-asteroid-orbit-contained-entirely-within-the-orbit-of-the-Eart  
87,3401191-(2008 BP16),False,121.4940407996,271.6689340891,1995-01-11,789840840000,earth,18.0991616726,65156.9820213503, An-asteroid-orbit-contained-entirely-within-the-orbit-of-the-Eart  
88,3740043-(2016 AG165),False,183.8886720703,411.1875710413,1995-01-11,789806340000,earth,8.6060682262,Unknown,  Near-Earth-asteroid-orbits-similar-to-that-of-2062-Aten  
89,3655395-(2013 YM2),False,19.2555078188,43.0566244241,1995-01-11,789826920000,earth,11.9321657219,42955.7965988119, An-asteroid-orbit-contained-entirely-within-the-orbit-of-the-Eart  
90,3771630-(2017 FP2),False,192.5550781879,430.566244241,1995-01-11,789855060000,earth,16.3288487248,Unknown,  Near-Earth-asteroid-orbits-which-cross-the-Earth’s-orbit-similar-to-that-of-1862-Apollo 
91,3893736-(2019 WD5),True,116.0259082094,259.4418179074,1995-01-11,789794520000,earth,14.2571658357,51325.7970085319, Near-Earth-asteroid-orbits-similar-to-that-of-1221-Amor  
92,3837639-(2019 AT3),False,101.054341542,225.9643771094,1995-01-18,790416720000,earth,28.5824222435,102896.7200765568, An-asteroid-orbit-contained-entirely-within-the-orbit-of-the-Eart  
93,3753133-(2016 JU24),False,506.4714588346,1132.5046106177,1995-01-18,790440120000,earth,16.4888463368,59359.8468124886, An-asteroid-orbit-contained-entirely-within-the-orbit-of-the-Eart  
94,3837525-(2018 YK2),False,73.2073989347,163.696720474,1995-01-18,790396200000,earth,26.2464317638,94487.1543496955, An-asteroid-orbit-contained-entirely-within-the-orbit-of-the-Eart  
95,3797900-(2018 BJ5),False,127.2198785394,284.4722965033,1995-01-18,790406040000,earth,11.9652284017,43074.8222459735,  Near-Earth-asteroid-orbits-similar-to-that-of-2062-Aten  
96,3704767-(2015 BE92),False,6.3760978988,14.2573883328,1995-01-18,790404840000,earth,16.0531518159,57791.3465371435, Near-Earth-asteroid-orbits-similar-to-that-of-1221-Amor  
97,3797753-(2018 BV1),False,36.6906137531,82.0427064882,1995-01-18,790388280000,earth,15.980210136,57528.7564894243, An-asteroid-orbit-contained-entirely-within-the-orbit-of-the-Eart  
98,3836878-(2018 XP3),False,69.9125232246,156.3291544087,1995-01-18,790420620000,earth,8.8286222565,31783.0401233568, An-asteroid-orbit-contained-entirely-within-the-orbit-of-the-Eart  
99,3748182-(2016 FJ3),False,80.2703167283,179.4898847799,1995-01-18,790425180000,earth,13.299028136,47876.5012897044, An-asteroid-orbit-contained-entirely-within-the-orbit-of-the-Eart  
100,2443103-443103 (2013 WT67),True,667.6594134952,1492.931834393,1995-01-19,790552500000,earth,13.6305303871,49069.909393474,  Near-Earth-asteroid-orbits-which-cross-the-Earth’s-orbit-similar-to-that-of-1862-Apollo 
101,3283218-(2005 MF5),False,121.4940407996,271.6689340891,1995-01-19,790533360000,earth,26.2349697378,94445.8910559763,  Near-Earth-asteroid-orbits-which-cross-the-Earth’s-orbit-similar-to-that-of-1862-Apollo 
102,3625335-(2013 BC70),False,40.2304579834,89.9580388169,1995-01-16,790266780000,earth,18.6159784305,67017.5223496646, Near-Earth-asteroid-orbits-similar-to-that-of-1221-Amor  
103,3749034-(2016 GN2),False,26.58,59.4346868419,1995-01-16,790226880000,earth,13.3072235301,Unknown,  Near-Earth-asteroid-orbits-similar-to-that-of-2062-Aten  
104,2002340-2340 Hathor (1976 UA),True,242.4124811008,542.0507863358,1995-01-16,790238100000,earth,15.9597865749,57455.2316697415,  Near-Earth-asteroid-orbits-similar-to-that-of-2062-Aten  
105,3767255-(2017 BO32),False,36.6906137531,82.0427064882,1995-01-16,790236960000,earth,7.3611501507,Unknown, An-asteroid-orbit-contained-entirely-within-the-orbit-of-the-Eart  
106,54016993-(2020 JG1),False,16.8249962697,37.6218353801,1995-01-16,790290360000,earth,9.1421510542,32911.7437951207, An-asteroid-orbit-contained-entirely-within-the-orbit-of-the-Eart  
107,3102762-(2002 AA29),False,40.2304579834,89.9580388169,1995-01-17,790310760000,earth,12.9913363165,46768.8107394954, Near-Earth-asteroid-orbits-similar-to-that-of-1221-Amor  
108,3956448-(2019 YP3),False,19.2555078188,43.0566244241,1995-01-17,790355280000,earth,17.2344315811,62043.9536918491, Near-Earth-asteroid-orbits-similar-to-that-of-1221-Amor  
109,3042899-(1999 VX15),False,461.9074602816,1032.8564805039,1995-01-21,790700220000,earth,5.9359623692,Unknown, An-asteroid-orbit-contained-entirely-within-the-orbit-of-the-Eart  
110,2373579-373579 (2002 AW11),False,483.6764882185,1081.533506775,1995-01-21,790674900000,earth,14.0998903803,50759.6053691574, Near-Earth-asteroid-orbits-similar-to-that-of-1221-Amor  
111,3843085-(2019 NG),False,36.6906137531,82.0427064882,1995-01-21,790654860000,earth,7.532718152,27117.7853473052, Near-Earth-asteroid-orbits-similar-to-that-of-1221-Amor  
112,3788091-(2017 UR7),False,319.5618867213,714.5621017269,1995-01-22,790759920000,earth,16.8844014801,60783.8453284741, An-asteroid-orbit-contained-entirely-within-the-orbit-of-the-Eart  
113,3794988-(2017 YZ1),True,221.0828103591,494.3561926196,1995-01-22,790751640000,earth,11.6741465305,42026.9275099544, Near-Earth-asteroid-orbits-similar-to-that-of-1221-Amor  
114,2153315-153315 (2001 NH6),False,319.5618867213,714.5621017269,1995-01-22,790787820000,earth,24.4218373587,87918.6144913344, Near-Earth-asteroid-orbits-similar-to-that-of-1221-Amor  
115,2162463-162463 (2000 JH5),False,766.5755735311,1714.1150923063,1995-01-22,790779960000,earth,17.3737842613,62545.6233405623, Near-Earth-asteroid-orbits-similar-to-that-of-1221-Amor  
116,2306383-306383 (1993 VD),True,133.2155666981,297.8790627982,1995-01-22,790737960000,earth,12.8996466693,Unknown, Near-Earth-asteroid-orbits-similar-to-that-of-1221-Amor  
117,3444370-(2009 BH2),False,88.0146520901,196.8067450894,1995-01-22,790777020000,earth,22.3739049599,80546.0578557412,  Near-Earth-asteroid-orbits-similar-to-that-of-2062-Aten  
118,3448992-(2009 DD45),False,18.388867207,41.1187571041,1995-01-22,790756380000,earth,17.2746114639,62188.6012700346,  Near-Earth-asteroid-orbits-similar-to-that-of-2062-Aten  
119,3611400-(2012 UC),False,26.58,59.4346868419,1995-01-22,790783440000,earth,12.1185099373,43626.6357742159, An-asteroid-orbit-contained-entirely-within-the-orbit-of-the-Eart  
120,3264189-(2004 YD),False,42.1264610556,94.1976305719,1995-01-20,790595640000,earth,10.4078371003,37468.2135612528, An-asteroid-orbit-contained-entirely-within-the-orbit-of-the-Eart  
121,3740496-(2016 AG193),False,53.0340723319,118.5877908577,1995-01-20,790606080000,earth,15.259069392,54932.6498111989, Near-Earth-asteroid-orbits-similar-to-that-of-1221-Amor  
122,3702918-(2014 YC9),False,44.1118199997,98.6370281305,1995-01-20,790605840000,earth,7.5241225943,27086.8413394526,  Near-Earth-asteroid-orbits-which-cross-the-Earth’s-orbit-similar-to-that-of-1862-Apollo 
123,3092134-(1995 BK2),False,80.2703167283,179.4898847799,1995-01-29,791352120000,earth,14.8737367384,53545.4522582771,  Near-Earth-asteroid-orbits-similar-to-that-of-2062-Aten  
124,2103067-103067 (1999 XA143),True,1160.2590820944,2594.4181790745,1995-01-29,791378400000,earth,26.152266264,94148.1585503345, Near-Earth-asteroid-orbits-similar-to-that-of-1221-Amor  
125,3802063-(2018 FV3),False,21.113244479,47.2106498806,1995-01-29,791406960000,earth,4.7052001796,16938.7206464335,  Near-Earth-asteroid-orbits-similar-to-that-of-2062-Aten  
126,3798989-(2018 CA),False,53.0340723319,118.5877908577,1995-01-29,791399100000,earth,10.0074485586,Unknown, Near-Earth-asteroid-orbits-similar-to-that-of-1221-Amor  
127,3769817-(2017 DU34),False,11.6025908209,25.9441817907,1995-01-29,791356500000,earth,18.156127252,65362.0581071525,  Near-Earth-asteroid-orbits-which-cross-the-Earth’s-orbit-similar-to-that-of-1862-Apollo 
128,2396793-396793 (2004 JN2),False,253.8370293645,567.5968528656,1995-01-27,791215440000,earth,14.1607747201,50978.7889925314, An-asteroid-orbit-contained-entirely-within-the-orbit-of-the-Eart  
129,3114012-(2002 CP4),False,160.1603379786,358.1294030194,1995-01-27,791235060000,earth,18.4440146132,Unknown, An-asteroid-orbit-contained-entirely-within-the-orbit-of-the-Eart  
130,3556968-(2011 CT4),True,183.8886720703,411.1875710413,1995-01-27,791174880000,earth,29.4113861383,105880.9900977965, An-asteroid-orbit-contained-entirely-within-the-orbit-of-the-Eart  
131,3768617-(2017 CP1),False,31.9561886721,71.4562101727,1995-01-27,791199900000,earth,9.2549534024,33317.8322487111, Near-Earth-asteroid-orbits-similar-to-that-of-1221-Amor  
132,3451792-(2009 FH),False,12.7219878539,28.4472296503,1995-01-27,791221260000,earth,4.2327906836,15238.0464608016,  Near-Earth-asteroid-orbits-which-cross-the-Earth’s-orbit-similar-to-that-of-1862-Apollo 
133,3831167-(2018 TC),False,12.7219878539,28.4472296503,1995-01-27,791249160000,earth,8.5994425119,30957.9930428901, Near-Earth-asteroid-orbits-similar-to-that-of-1221-Amor  
134,3879275-(2019 UU1),False,2.2108281036,4.9435619262,1995-01-27,791239860000,earth,7.3642513415,26511.3048293448, Near-Earth-asteroid-orbits-similar-to-that-of-1221-Amor  
135,2393569-393569 (2003 JC13),False,231.5021222103,517.6544821978,1995-01-28,791315820000,earth,20.74106128,74667.8206079143,  Near-Earth-asteroid-orbits-similar-to-that-of-2062-Aten  
136,3788891-(2017 UA45),False,16.0160337979,35.8129403019,1995-01-28,791321820000,earth,3.664721939,13192.9989804473, Near-Earth-asteroid-orbits-similar-to-that-of-1221-Amor  
137,3763424-(2016 VG2),False,350.3926411083,783.5017643338,1995-01-28,791277240000,earth,15.9660121288,57477.6436636246, Near-Earth-asteroid-orbits-similar-to-that-of-1221-Amor  
138,2005751-5751 Zao (1992 AC),False,2914.4390453486,6516.883821679,1995-01-25,791073240000,earth,8.6774492303,31238.8172290412, Near-Earth-asteroid-orbits-similar-to-that-of-1221-Amor  
139,3742048-(2016 CT30),False,350.3926411083,783.5017643338,1995-01-25,791073600000,earth,15.1256980794,Unknown, Near-Earth-asteroid-orbits-similar-to-that-of-1221-Amor  
140,3689345-(2014 SW141),False,92.1626548503,206.0819612321,1995-01-25,791019960000,earth,6.3517771942,22866.3978992155,  Near-Earth-asteroid-orbits-which-cross-the-Earth’s-orbit-similar-to-that-of-1862-Apollo 
141,3797849-(2018 BY2),True,211.1324447897,472.1064988055,1995-01-25,791020080000,earth,17.8355471184,64207.9696261723,  Near-Earth-asteroid-orbits-similar-to-that-of-2062-Aten  
142,3724644-(2015 OL35),True,667.6594134952,1492.931834393,1995-01-25,791036040000,earth,17.2838534152,62221.8722947351, Near-Earth-asteroid-orbits-similar-to-that-of-1221-Amor  
143,3837955-(2019 BA1),False,96.5061469579,215.7943048444,1995-01-25,791049660000,earth,19.4399963922,69983.9870118239,  Near-Earth-asteroid-orbits-which-cross-the-Earth’s-orbit-similar-to-that-of-1862-Apollo 
144,3365921-(2007 AM),False,121.4940407996,271.6689340891,1995-01-25,791059920000,earth,26.0391297057,93740.866940381, An-asteroid-orbit-contained-entirely-within-the-orbit-of-the-Eart  
145,3703539-(2015 AB44),False,80.2703167283,179.4898847799,1995-01-25,791045400000,earth,18.068443554,65046.3967943636,  Near-Earth-asteroid-orbits-which-cross-the-Earth’s-orbit-similar-to-that-of-1862-Apollo 
146,3715092-(2015 FW284),False,27.8326768072,62.2357573367,1995-01-25,791002620000,earth,12.9327582532,46557.9297115466, Near-Earth-asteroid-orbits-similar-to-that-of-1221-Amor  
147,3827172-(2018 RC1),False,15.2951935344,34.201092472,1995-01-25,791036760000,earth,6.4970772547,23389.4781170659, Near-Earth-asteroid-orbits-similar-to-that-of-1221-Amor  
148,2496816-496816 (1989 UP),True,211.1324447897,472.1064988055,1995-01-26,791152800000,earth,18.5649767737,66833.9163852563,  Near-Earth-asteroid-orbits-which-cross-the-Earth’s-orbit-similar-to-that-of-1862-Apollo 
149,3313726-(2006 BX7),False,31.9561886721,71.4562101727,1995-01-26,791127060000,earth,18.4840450216,Unknown, An-asteroid-orbit-contained-entirely-within-the-orbit-of-the-Eart  
150,3001825-(1989 UP),True,183.8886720703,411.1875710413,1995-01-26,791107200000,earth,18.5649764223,66833.9151204118,  Near-Earth-asteroid-orbits-similar-to-that-of-2062-Aten  
151,3019640-(1999 JE1),True,278.3267680719,622.3575733667,1995-01-26,791107200000,earth,36.9271608962,132937.7792264395, Near-Earth-asteroid-orbits-similar-to-that-of-1221-Amor  
152,3555677-(2011 BX11),False,73.2073989347,163.696720474,1995-01-26,791109300000,earth,10.3152870051,37135.0332183913, An-asteroid-orbit-contained-entirely-within-the-orbit-of-the-Eart  
153,3591721-(2011 YH28),True,221.0828103591,494.3561926196,1995-01-26,791104080000,earth,28.9116973021,104082.1102876284,  Near-Earth-asteroid-orbits-similar-to-that-of-2062-Aten  
154,3727630-(2015 RE83),False,96.5061469579,215.7943048444,1995-01-26,791125980000,earth,12.4523583777,44828.490159598,  Near-Earth-asteroid-orbits-which-cross-the-Earth’s-orbit-similar-to-that-of-1862-Apollo 
155,3746215-(2016 ED85),False,766.5755735311,1714.1150923063,1995-01-26,791136480000,earth,17.5680986938,Unknown,  Near-Earth-asteroid-orbits-similar-to-that-of-2062-Aten  
156,2162922-162922 (2001 OY13),True,183.8886720703,411.1875710413,1995-01-26,791106540000,earth,7.1673309964,25802.3915869233,  Near-Earth-asteroid-orbits-which-cross-the-Earth’s-orbit-similar-to-that-of-1862-Apollo 
157,2508774-508774 (1999 JE1),True,291.4439045349,651.6883821679,1995-01-26,791112300000,earth,36.9271610612,132937.7798204377, Near-Earth-asteroid-orbits-similar-to-that-of-1221-Amor  
158,3742340-(2016 CJ136),False,127.2198785394,284.4722965033,1995-01-26,791127840000,earth,16.1281080333,58061.1889197817,  Near-Earth-asteroid-orbits-similar-to-that-of-2062-Aten  
159,3759745-(2016 SN2),False,175.6123184804,392.6810818086,1995-01-26,791137860000,earth,34.1722014834,123019.925340191, Near-Earth-asteroid-orbits-similar-to-that-of-1221-Amor  
160,3638237-(2013 JN7),True,167.7084621628,375.0075217981,1995-01-23,790904040000,earth,17.4160515605,62697.7856179688, An-asteroid-orbit-contained-entirely-within-the-orbit-of-the-Eart  
161,3726014-(2015 PR228),True,291.4439045349,651.6883821679,1995-01-23,790872360000,earth,15.4442462523,55599.2865082174, Near-Earth-asteroid-orbits-similar-to-that-of-1221-Amor  
162,2340666-340666 (2006 RO36),False,732.0739893473,1636.96720474,1995-01-23,790877220000,earth,13.4515927281,48425.7338209944, Near-Earth-asteroid-orbits-similar-to-that-of-1221-Amor  
163,2418265-418265 (2008 EA32),False,1394.9382293439,3119.1767052261,1995-01-23,790864740000,earth,18.3184771336,65946.5176808448, Near-Earth-asteroid-orbits-similar-to-that-of-1221-Amor  
164,3378868-(2007 ML13),False,253.8370293645,567.5968528656,1995-01-23,790861920000,earth,10.2254751657,36811.7105963641,  Near-Earth-asteroid-orbits-which-cross-the-Earth’s-orbit-similar-to-that-of-1862-Apollo 
165,3989181-(2020 BA8),False,84.0146411251,187.862448661,1995-01-23,790833300000,earth,26.7410738185,96267.8657464297, Near-Earth-asteroid-orbits-similar-to-that-of-1221-Amor  
166,3092136-(1995 DV1),False,66.7659413495,149.2931834393,1995-01-24,790962120000,earth,10.1853480584,36667.2530102342,  Near-Earth-asteroid-orbits-similar-to-that-of-2062-Aten  
167,3837908-(2019 AN13),False,183.8886720703,411.1875710413,1995-01-24,790933740000,earth,4.5464176773,16367.1036381088, Near-Earth-asteroid-orbits-similar-to-that-of-1221-Amor  
168,3520755-(2010 JU39),True,319.5618867213,714.5621017269,1995-01-24,790934400000,earth,29.0975746576,104751.2687672923, An-asteroid-orbit-contained-entirely-within-the-orbit-of-the-Eart  
169,2494999-494999 (2010 JU39),True,305.1792325939,682.4015094011,1995-01-24,790969980000,earth,29.0975653046,104751.2350965809, Near-Earth-asteroid-orbits-similar-to-that-of-1221-Amor  
170,3645001-(2013 NT11),False,319.5618867213,714.5621017269,1995-01-24,790956300000,earth,36.4922310614,Unknown, Near-Earth-asteroid-orbits-similar-to-that-of-1221-Amor  
171,3759724-(2016 SA2),False,6.0891262211,13.6157001539,1995-01-24,790954020000,earth,6.9725764248,25101.2751293536,  Near-Earth-asteroid-orbits-which-cross-the-Earth’s-orbit-similar-to-that-of-1862-Apollo 
172,3767264-(2017 BS32),False,9.6506146958,21.5794304844,1995-01-24,790927860000,earth,20.4060831379,73461.8992964429,  Near-Earth-asteroid-orbits-similar-to-that-of-2062-Aten  
173,3484929-(2010 AJ3),False,33.4622374455,74.8238376074,1995-01-24,790950780000,earth,19.6716930299,70818.0949077268, An-asteroid-orbit-contained-entirely-within-the-orbit-of-the-Eart  
174,3365986-(2007 AV2),True,160.1603379786,358.1294030194,1995-01-24,790982100000,earth,23.8683562881,85926.0826372644,  Near-Earth-asteroid-orbits-which-cross-the-Earth’s-orbit-similar-to-that-of-1862-Apollo 
175,3405174-(2008 ED8),False,44.1118199997,98.6370281305,1995-02-04,791888760000,earth,13.3177213241,47943.7967668918, Near-Earth-asteroid-orbits-similar-to-that-of-1221-Amor  
176,3792431-(2017 XT61),False,60.8912622106,136.1570015386,1995-02-04,791858220000,earth,9.3593034274,33693.4923385536,  Near-Earth-asteroid-orbits-which-cross-the-Earth’s-orbit-similar-to-that-of-1862-Apollo 
177,3837847-(2019 AC11),False,127.2198785394,284.4722965033,1995-02-05,792025200000,earth,1.3333571378,Unknown,  Near-Earth-asteroid-orbits-similar-to-that-of-2062-Aten  
178,3511508-(2010 CW180),False,253.8370293645,567.5968528656,1995-02-05,791980260000,earth,11.657770373,41967.973342669, An-asteroid-orbit-contained-entirely-within-the-orbit-of-the-Eart  
179,3827171-(2018 RX),False,366.9061375314,820.4270648822,1995-02-05,791944620000,earth,20.774060424,Unknown, An-asteroid-orbit-contained-entirely-within-the-orbit-of-the-Eart  
180,3781883-(2017 SN14),False,461.9074602816,1032.8564805039,1995-02-05,792008220000,earth,15.8578599967,57088.2959882395,  Near-Earth-asteroid-orbits-similar-to-that-of-2062-Aten  
181,2403039-403039 (2008 AE),False,305.1792325939,682.4015094011,1995-02-05,791985900000,earth,6.0784978136,21882.5921288516, An-asteroid-orbit-contained-entirely-within-the-orbit-of-the-Eart  
182,2417210-417210 (2005 XV77),False,201.6299194428,450.8582061718,1995-02-05,791998080000,earth,18.8874457375,67994.8046550187,  Near-Earth-asteroid-orbits-similar-to-that-of-2062-Aten  
183,3309092-(2005 YR3),False,63.7609789875,142.5738833281,1995-02-05,791988900000,earth,21.7872877584,78434.2359302324,  Near-Earth-asteroid-orbits-which-cross-the-Earth’s-orbit-similar-to-that-of-1862-Apollo 
184,3428255-(2008 SD85),False,69.9125232246,156.3291544087,1995-02-05,791952720000,earth,17.3712451557,62536.4825605686,  Near-Earth-asteroid-orbits-similar-to-that-of-2062-Aten  
185,3660383-(2014 CE),False,11.0803882126,24.7765012606,1995-02-02,791691780000,earth,13.4842097626,48543.1551454144, Near-Earth-asteroid-orbits-similar-to-that-of-1221-Amor  
186,3092135-(1995 CS),False,21.113244479,47.2106498806,1995-02-02,791724000000,earth,24.8346391163,89404.7008187466,  Near-Earth-asteroid-orbits-similar-to-that-of-2062-Aten  
187,3799759-(2018 DY3),False,19.2555078188,43.0566244241,1995-02-02,791738220000,earth,5.3676044004,Unknown,  Near-Earth-asteroid-orbits-similar-to-that-of-2062-Aten  
188,3437805-(2008 VR4),False,66.7659413495,149.2931834393,1995-02-02,791735040000,earth,8.3904973465,30205.7904472893, An-asteroid-orbit-contained-entirely-within-the-orbit-of-the-Eart  
189,3730580-(2015 TY237),True,133.2155666981,297.8790627982,1995-02-02,791768940000,earth,14.6181287101,52625.2633562682, Near-Earth-asteroid-orbits-similar-to-that-of-1221-Amor  
190,3703542-(2015 AE44),False,31.9561886721,71.4562101727,1995-02-03,791835960000,earth,6.7460042913,24285.6154486303, An-asteroid-orbit-contained-entirely-within-the-orbit-of-the-Eart  
191,3780765-(2017 QB2),False,35.0392641108,78.3501764334,1995-02-03,791803260000,earth,6.6223534637,23840.472469422, Near-Earth-asteroid-orbits-similar-to-that-of-1221-Amor  
192,3770144-(2017 DV37),False,253.8370293645,567.5968528656,1995-02-03,791830920000,earth,3.7225446963,Unknown,  Near-Earth-asteroid-orbits-similar-to-that-of-2062-Aten  
193,3708364-(2015 BP509),False,7.3207398935,16.3696720474,1995-02-03,791797920000,earth,25.7737656571,92785.5563657094, Near-Earth-asteroid-orbits-similar-to-that-of-1221-Amor  
194,3843842-(2019 RL3),False,127.2198785394,284.4722965033,1995-02-03,791791920000,earth,17.0563194182,61402.7499056338, An-asteroid-orbit-contained-entirely-within-the-orbit-of-the-Eart  
195,2455176-455176 (1999 VF22),True,192.5550781879,430.566244241,1995-02-01,791597340000,earth,40.5274283635,145898.7421084301, Near-Earth-asteroid-orbits-similar-to-that-of-1221-Amor  
196,3472700-(2009 UZ87),False,17.561231848,39.2681081809,1995-02-01,791658360000,earth,18.6971068429,67309.5846344717,  Near-Earth-asteroid-orbits-similar-to-that-of-2062-Aten  
197,3767325-(2017 BK92),True,192.5550781879,430.566244241,1995-02-01,791679360000,earth,35.0340043592,126122.4156930422,  Near-Earth-asteroid-orbits-similar-to-that-of-2062-Aten  
198,3840753-(2019 FY2),False,8.801465209,19.6806745089,1995-02-01,791649660000,earth,16.5295257061,59506.2925419208,  Near-Earth-asteroid-orbits-similar-to-that-of-2062-Aten  
199,3825584-(2018 NR1),False,31.9561886721,71.4562101727,1995-02-01,791626680000,earth,9.3495624665,33658.4248794278,  Near-Earth-asteroid-orbits-which-cross-the-Earth’s-orbit-similar-to-that-of-1862-Apollo 
200,3780805-(2017 QN16),False,127.2198785394,284.4722965033,1995-02-01,791672820000,earth,7.7078305278,27748.1899001228,  Near-Earth-asteroid-orbits-which-cross-the-Earth’s-orbit-similar-to-that-of-1862-Apollo 
201,3313556-(2006 BP6),False,192.5550781879,430.566244241,1995-01-30,791461440000,earth,22.2742184969,Unknown, An-asteroid-orbit-contained-entirely-within-the-orbit-of-the-Eart  
202,2387648-387648 (2002 RT25),False,350.3926411083,783.5017643338,1995-01-30,791432400000,earth,15.7296446272,56626.7206579171,  Near-Earth-asteroid-orbits-which-cross-the-Earth’s-orbit-similar-to-that-of-1862-Apollo 
203,3797908-(2018 BK5),False,63.7609789875,142.5738833281,1995-01-30,791477820000,earth,15.9653601056,57475.2963802219, An-asteroid-orbit-contained-entirely-within-the-orbit-of-the-Eart  
204,3775044-(2017 KP27),False,18.388867207,41.1187571041,1995-01-30,791500140000,earth,5.2075876342,18747.3154832336, An-asteroid-orbit-contained-entirely-within-the-orbit-of-the-Eart  
205,3170203-(2003 YX1),True,175.6123184804,392.6810818086,1995-01-31,791539200000,earth,6.4129404844,23086.5857437658,  Near-Earth-asteroid-orbits-which-cross-the-Earth’s-orbit-similar-to-that-of-1862-Apollo 
206,3368734-(2007 DH8),False,27.8326768072,62.2357573367,1995-01-31,791515980000,earth,9.923215131,35723.5744716026,  Near-Earth-asteroid-orbits-which-cross-the-Earth’s-orbit-similar-to-that-of-1862-Apollo 
207,3752779-(2016 JZ5),False,10.5816885933,23.6613750114,1995-01-31,791568720000,earth,16.4781785233,59321.4426840186, Near-Earth-asteroid-orbits-similar-to-that-of-1221-Amor  
208,2508908-508908 (2003 YX1),True,175.6123184804,392.6810818086,1995-01-31,791593500000,earth,6.4129404807,23086.5857304812,  Near-Earth-asteroid-orbits-similar-to-that-of-2062-Aten  
209,3278402-(2005 KA),False,30.5179232594,68.2401509401,1995-01-31,791554080000,earth,4.2343745681,15243.7484451027,  Near-Earth-asteroid-orbits-which-cross-the-Earth’s-orbit-similar-to-that-of-1862-Apollo 
210,3323934-(2006 DX),False,44.1118199997,98.6370281305,1995-01-31,791556720000,earth,3.7577068852,13527.7447866089, An-asteroid-orbit-contained-entirely-within-the-orbit-of-the-Eart  
211,3596843-(2012 BG86),False,133.2155666981,297.8790627982,1995-01-31,791568600000,earth,35.5609456643,Unknown,  Near-Earth-asteroid-orbits-which-cross-the-Earth’s-orbit-similar-to-that-of-1862-Apollo 
212,3989251-(2020 BA11),False,122.787731711,274.5617149089,1995-01-31,791565540000,earth,22.4430609927,80795.0195737844, Near-Earth-asteroid-orbits-similar-to-that-of-1221-Amor  
213,3989211-(2020 BL9),False,76.410840459,170.8598334843,1995-01-31,791568780000,earth,13.9867238342,50352.2058030358, Near-Earth-asteroid-orbits-similar-to-that-of-1221-Amor  
214,3446396-(2009 CT5),False,461.9074602816,1032.8564805039,1995-02-08,792248100000,earth,39.6053279147,142579.1804929074,  Near-Earth-asteroid-orbits-similar-to-that-of-2062-Aten  
215,2162854-162854 (2001 DE47),False,421.2646105562,941.9763057186,1995-02-08,792237360000,earth,10.8299289252,Unknown,  Near-Earth-asteroid-orbits-similar-to-that-of-2062-Aten  
216,3764806-(2016 WU7),False,24.2412481101,54.2050786336,1995-02-08,792274980000,earth,25.2112885871,90760.6389134336,  Near-Earth-asteroid-orbits-similar-to-that-of-2062-Aten  
217,3837976-(2019 BR1),False,201.6299194428,450.8582061718,1995-02-08,792241260000,earth,16.3037277839,58693.4200219309,  Near-Earth-asteroid-orbits-which-cross-the-Earth’s-orbit-similar-to-that-of-1862-Apollo 
218,3381448-(2007 PV27),True,242.4124811008,542.0507863358,1995-02-09,792292740000,earth,14.9377142983,53775.771473867,  Near-Earth-asteroid-orbits-which-cross-the-Earth’s-orbit-similar-to-that-of-1862-Apollo 
219,3550089-(2010 UY7),False,5.3034072332,11.8587790858,1995-02-09,792368040000,earth,6.2443682031,22479.7255313062,  Near-Earth-asteroid-orbits-which-cross-the-Earth’s-orbit-similar-to-that-of-1862-Apollo 
220,3309829-(2005 YL128),False,183.8886720703,411.1875710413,1995-02-09,792347520000,earth,13.2817427849,47814.2740256807,  Near-Earth-asteroid-orbits-similar-to-that-of-2062-Aten  
221,3837987-(2019 BO2),False,16.0160337979,35.8129403019,1995-02-09,792342660000,earth,24.8346139002,89404.6100407693,  Near-Earth-asteroid-orbits-which-cross-the-Earth’s-orbit-similar-to-that-of-1862-Apollo 
222,3560054-(2011 FK1),False,48.3676488219,108.1533506775,1995-02-06,792087240000,earth,7.5248159935,27089.3375767437, Near-Earth-asteroid-orbits-similar-to-that-of-1221-Amor  
223,3684006-(2014 QV296),False,46.1907460282,103.2856480504,1995-02-06,792096840000,earth,21.7373225662,78254.3612381832, Near-Earth-asteroid-orbits-similar-to-that-of-1221-Amor  
224,2413260-413260 (2003 TL4),True,350.3926411083,783.5017643338,1995-02-06,792029340000,earth,16.1419653325,58111.0751970367, An-asteroid-orbit-contained-entirely-within-the-orbit-of-the-Eart  
225,3831614-(2018 TM3),False,3.0517923259,6.824015094,1995-02-06,792114780000,earth,6.5666597054,23639.9749394382, Near-Earth-asteroid-orbits-similar-to-that-of-1221-Amor  
226,3438964-(2008 VA15),False,48.3676488219,108.1533506775,1995-02-07,792185820000,earth,2.6374923873,9494.9725943107, An-asteroid-orbit-contained-entirely-within-the-orbit-of-the-Eart  
227,3838082-(2019 BF5),True,139.4938229344,311.9176705226,1995-02-07,792134160000,earth,32.12017274,115632.6218639942, Near-Earth-asteroid-orbits-similar-to-that-of-1221-Amor  
228,3422140-(2008 OS7),True,221.0828103591,494.3561926196,1995-02-07,792155580000,earth,16.1459712276,58125.4964194507,  Near-Earth-asteroid-orbits-similar-to-that-of-2062-Aten  
229,3507181-(2010 CT),False,253.8370293645,567.5968528656,1995-02-07,792151800000,earth,30.1020291698,108367.305011348, Near-Earth-asteroid-orbits-similar-to-that-of-1221-Amor  
230,3724111-(2015 NA14),False,105.8168859331,236.6137501138,1995-02-07,792138120000,earth,5.2364151536,18851.0945531114, Near-Earth-asteroid-orbits-similar-to-that-of-1221-Amor  
231,3398650-(2007 YO56),False,253.8370293645,567.5968528656,1995-02-11,792508500000,earth,10.4274035158,37538.6526569696,  Near-Earth-asteroid-orbits-similar-to-that-of-2062-Aten  
232,3401386-(2008 CP),False,40.2304579834,89.9580388169,1995-02-11,792536220000,earth,11.0154021745,Unknown,  Near-Earth-asteroid-orbits-which-cross-the-Earth’s-orbit-similar-to-that-of-1862-Apollo 
233,3734189-(2015 VO66),True,201.6299194428,450.8582061718,1995-02-11,792489600000,earth,29.681640603,106853.9061708626,  Near-Earth-asteroid-orbits-similar-to-that-of-2062-Aten  
234,2512234-512234 (2015 VO66),True,211.1324447897,472.1064988055,1995-02-11,792531240000,earth,29.6821345454,106855.6843635937,  Near-Earth-asteroid-orbits-similar-to-that-of-2062-Aten  
235,3829436-(2018 RB6),False,18.388867207,41.1187571041,1995-02-11,792496560000,earth,23.8783896507,85962.20274257,  Near-Earth-asteroid-orbits-which-cross-the-Earth’s-orbit-similar-to-that-of-1862-Apollo 
236,3838779-(2019 CQ5),False,8.4053340207,18.7948982439,1995-02-11,792480960000,earth,10.5302108604,37908.7590974166,  Near-Earth-asteroid-orbits-which-cross-the-Earth’s-orbit-similar-to-that-of-1862-Apollo 
237,3781463-(2017 RV15),False,101.054341542,225.9643771094,1995-02-12,792565380000,earth,13.9092558468,50073.321048304, An-asteroid-orbit-contained-entirely-within-the-orbit-of-the-Eart  
238,3182823-(2004 KG1),False,40.2304579834,89.9580388169,1995-02-12,792627120000,earth,15.4199862136,55511.9503688952, An-asteroid-orbit-contained-entirely-within-the-orbit-of-the-Eart  
239,3798998-(2018 CH),False,13.9493822934,31.1917670523,1995-02-10,792402240000,earth,23.1366523178,83291.9483439346, Near-Earth-asteroid-orbits-similar-to-that-of-1221-Amor  
240,2154275-154275 (2002 SR41),True,253.8370293645,567.5968528656,1995-02-10,792439920000,earth,18.8377199661,67815.791878, An-asteroid-orbit-contained-entirely-within-the-orbit-of-the-Eart  
241,3289746-(2005 RK3),False,48.3676488219,108.1533506775,1995-02-10,792445080000,earth,7.2711243501,26176.0476603888,  Near-Earth-asteroid-orbits-which-cross-the-Earth’s-orbit-similar-to-that-of-1862-Apollo 
242,54016642-(2020 HX2),False,113.3848360975,253.5362011316,1995-02-10,792433380000,earth,18.0937327979,Unknown,  Near-Earth-asteroid-orbits-similar-to-that-of-2062-Aten  
243,3770329-(2017 EM),False,18.388867207,41.1187571041,1995-02-19,793226040000,earth,16.549422586,59577.921309591, An-asteroid-orbit-contained-entirely-within-the-orbit-of-the-Eart  
244,3799712-(2018 DT),False,10.1054341542,22.5964377109,1995-02-19,793216020000,earth,2.8293700894,10185.7323219304, Near-Earth-asteroid-orbits-similar-to-that-of-1221-Amor  
245,3557485-(2011 CX46),False,101.054341542,225.9643771094,1995-02-19,793204860000,earth,28.5520254067,102787.2914641726,  Near-Earth-asteroid-orbits-which-cross-the-Earth’s-orbit-similar-to-that-of-1862-Apollo 
246,2275792-275792 (2001 QH142),False,555.334911581,1241.766612574,1995-02-17,792990540000,earth,15.6006738164,56162.425739076,  Near-Earth-asteroid-orbits-similar-to-that-of-2062-Aten  
247,3422250-(2008 OP8),True,305.1792325939,682.4015094011,1995-02-17,793054980000,earth,19.7511350029,71104.0860104116,  Near-Earth-asteroid-orbits-similar-to-that-of-2062-Aten  
248,3648878-(2013 TG6),False,12.7219878539,28.4472296503,1995-02-17,793011240000,earth,2.3445187289,8440.2674240647,  Near-Earth-asteroid-orbits-similar-to-that-of-2062-Aten  
249,3773659-(2017 FQ128),False,127.2198785394,284.4722965033,1995-02-17,793028460000,earth,9.9943074343,35979.5067635619,  Near-Earth-asteroid-orbits-similar-to-that-of-2062-Aten  
250,2085953-85953 (1999 FK21),False,637.6097898754,1425.7388332807,1995-02-17,793051020000,earth,17.4552791428,62839.0049140109, Near-Earth-asteroid-orbits-similar-to-that-of-1221-Amor  
251,3403074-(2008 CC175),False,146.0679642714,326.6178974458,1995-02-17,793054860000,earth,31.0132588114,111647.7317211876, Near-Earth-asteroid-orbits-similar-to-that-of-1221-Amor  
252,3451019-(2009 EF3),False,133.2155666981,297.8790627982,1995-02-17,793018380000,earth,10.6494801248,38338.1284491947,  Near-Earth-asteroid-orbits-similar-to-that-of-2062-Aten  
253,3766092-(2016 YE3),False,175.6123184804,392.6810818086,1995-02-18,793138380000,earth,6.1085229744,21990.6827079513,  Near-Earth-asteroid-orbits-which-cross-the-Earth’s-orbit-similar-to-that-of-1862-Apollo 
254,3177202-(2004 FH),False,19.2555078188,43.0566244241,1995-02-18,793068240000,earth,6.0289665944,Unknown, Near-Earth-asteroid-orbits-similar-to-that-of-1221-Amor  
255,3371135-(2007 EF88),False,55.5334911581,124.1766612574,1995-02-18,793106100000,earth,8.4036934568,Unknown, An-asteroid-orbit-contained-entirely-within-the-orbit-of-the-Eart  
256,3703545-(2015 AJ44),False,92.1626548503,206.0819612321,1995-02-18,793119660000,earth,11.2173481564,40382.4533630756, An-asteroid-orbit-contained-entirely-within-the-orbit-of-the-Eart  
257,3776085-(2017 MA5),False,19.2555078188,43.0566244241,1995-02-18,793094340000,earth,9.0552146724,32598.7728207093,  Near-Earth-asteroid-orbits-similar-to-that-of-2062-Aten  
258,3843636-(2019 QZ3),False,29.1443904535,65.1688382168,1995-02-18,793123500000,earth,7.5756500407,27272.340146549, Near-Earth-asteroid-orbits-similar-to-that-of-1221-Amor  
259,3647013-(2013 QP48),False,7.3207398935,16.3696720474,1995-02-15,792841200000,earth,23.4100298231,84276.1073632331,  Near-Earth-asteroid-orbits-which-cross-the-Earth’s-orbit-similar-to-that-of-1862-Apollo 
260,3314405-(2006 BX139),False,242.4124811008,542.0507863358,1995-02-15,792814380000,earth,3.089003928,11120.4141406276,  Near-Earth-asteroid-orbits-which-cross-the-Earth’s-orbit-similar-to-that-of-1862-Apollo 
261,3702321-(2014 YF),False,76.6575573531,171.4115092306,1995-02-15,792812760000,earth,7.919524047,28510.2865690244,  Near-Earth-asteroid-orbits-which-cross-the-Earth’s-orbit-similar-to-that-of-1862-Apollo 
262,3447920-(2009 DF1),False,201.6299194428,450.8582061718,1995-02-15,792887760000,earth,2.1643758564,7791.7530829515,  Near-Earth-asteroid-orbits-which-cross-the-Earth’s-orbit-similar-to-that-of-1862-Apollo 
263,3426410-(2008 QV11),False,167.7084621628,375.0075217981,1995-02-15,792814500000,earth,20.0192419611,72069.2710600874,  Near-Earth-asteroid-orbits-similar-to-that-of-2062-Aten  
264,3666785-(2014 FP47),False,92.1626548503,206.0819612321,1995-02-15,792873180000,earth,8.5268559444,30696.681399696, An-asteroid-orbit-contained-entirely-within-the-orbit-of-the-Eart  
265,3719196-(2015 JR1),False,16.0160337979,35.8129403019,1995-02-15,792828780000,earth,4.6554785934,16759.7229360863, Near-Earth-asteroid-orbits-similar-to-that-of-1221-Amor  
266,3610026-(2012 TB53),False,63.7609789875,142.5738833281,1995-02-15,792871620000,earth,7.9199338078,28511.7617082204,  Near-Earth-asteroid-orbits-which-cross-the-Earth’s-orbit-similar-to-that-of-1862-Apollo 
267,3989296-(2020 BK13),False,5.4119649666,12.1015215572,1995-02-15,792817800000,earth,19.4732712844,70103.7766238148,  Near-Earth-asteroid-orbits-which-cross-the-Earth’s-orbit-similar-to-that-of-1862-Apollo 
268,2306462-306462 (1999 RC32),False,530.3407233187,1185.8779085771,1995-02-16,792959700000,earth,16.7314553517,60233.2392661186,  Near-Earth-asteroid-orbits-which-cross-the-Earth’s-orbit-similar-to-that-of-1862-Apollo 
269,3371672-(2007 FJ1),False,46.1907460282,103.2856480504,1995-02-16,792940320000,earth,14.5882415865,52517.6697114198,  Near-Earth-asteroid-orbits-which-cross-the-Earth’s-orbit-similar-to-that-of-1862-Apollo 
270,3448109-(2009 DB12),False,139.4938229344,311.9176705226,1995-02-16,792896700000,earth,28.2415483514,101669.5740652034,  Near-Earth-asteroid-orbits-which-cross-the-Earth’s-orbit-similar-to-that-of-1862-Apollo 
271,3423827-(2008 PR9),False,92.1626548503,206.0819612321,1995-02-16,792951060000,earth,16.2996226511,58678.6415438135, Near-Earth-asteroid-orbits-similar-to-that-of-1221-Amor  
272,3740929-(2016 BW14),False,18.388867207,41.1187571041,1995-02-16,792971220000,earth,10.4619265877,37662.9357158986,  Near-Earth-asteroid-orbits-similar-to-that-of-2062-Aten  
273,3752430-(2016 HD3),False,6.676594135,14.9293183439,1995-02-16,792910740000,earth,5.4687564032,19687.5230515691, Near-Earth-asteroid-orbits-similar-to-that-of-1221-Amor  
274,2192642-192642 (1999 RD32),True,1460.6796427136,3266.1789744576,1995-02-13,792662280000,earth,33.9317110082,122154.1596293958,  Near-Earth-asteroid-orbits-similar-to-that-of-2062-Aten  
275,3836139-(2018 VA6),False,9.0814454086,20.3067292676,1995-02-13,792662400000,earth,13.3856782032,48188.4415313854,  Near-Earth-asteroid-orbits-similar-to-that-of-2062-Aten  
276,3656792-(2014 BA3),False,6.0891262211,13.6157001539,1995-02-13,792677520000,earth,6.0259259652,Unknown,  Near-Earth-asteroid-orbits-which-cross-the-Earth’s-orbit-similar-to-that-of-1862-Apollo 
277,3799861-(2018 EZ2),False,12.7219878539,28.4472296503,1995-02-13,792719220000,earth,17.8763553959,64354.8794253732,  Near-Earth-asteroid-orbits-similar-to-that-of-2062-Aten  
278,3836049-(2018 VX1),False,8.4053340207,18.7948982439,1995-02-13,792706800000,earth,13.4666716675,48480.018002933, Near-Earth-asteroid-orbits-similar-to-that-of-1221-Amor  
279,3798979-(2018 BR6),False,14.6067964271,32.6617897446,1995-02-13,792638040000,earth,17.715238164,63774.8573904191,  Near-Earth-asteroid-orbits-which-cross-the-Earth’s-orbit-similar-to-that-of-1862-Apollo 
280,3776011-(2017 MZ2),False,20.1629919443,45.0858206172,1995-02-13,792693360000,earth,13.4239826447,48326.3375207753,  Near-Earth-asteroid-orbits-which-cross-the-Earth’s-orbit-similar-to-that-of-1862-Apollo 
281,3402249-(2008 CK70),False,27.8326768072,62.2357573367,1995-02-14,792726780000,earth,8.4443752677,30399.7509636371,  Near-Earth-asteroid-orbits-similar-to-that-of-2062-Aten  
282,2162015-162015 (1994 TF2),False,384.1978910643,859.0926012318,1995-02-14,792721380000,earth,16.820418964,60553.5082703158,  Near-Earth-asteroid-orbits-which-cross-the-Earth’s-orbit-similar-to-that-of-1862-Apollo 
283,3843369-(2019 OS1),False,96.5061469579,215.7943048444,1995-02-14,792792060000,earth,11.2628643232,40546.3115634109, Near-Earth-asteroid-orbits-similar-to-that-of-1221-Amor  
284,3892166-(2019 UP13),False,53.0340723319,118.5877908577,1995-02-14,792751200000,earth,20.4659421992,73677.3919169638, An-asteroid-orbit-contained-entirely-within-the-orbit-of-the-Eart  
285,3757202-(2016 PP27),False,50.6471458835,113.2504610618,1995-02-26,793794720000,earth,14.1517345446,50946.244360511, An-asteroid-orbit-contained-entirely-within-the-orbit-of-the-Eart  
286,3799683-(2018 DC),False,30.5179232594,68.2401509401,1995-02-26,793842540000,earth,11.5355023458,41527.8084448228,  Near-Earth-asteroid-orbits-which-cross-the-Earth’s-orbit-similar-to-that-of-1862-Apollo 
287,2334412-334412 (2002 EZ2),False,242.4124811008,542.0507863358,1995-02-26,793779600000,earth,7.3360990579,26409.9566083647, Near-Earth-asteroid-orbits-similar-to-that-of-1221-Amor  
288,2340291-340291 (2006 CV),False,291.4439045349,651.6883821679,1995-02-26,793776780000,earth,16.0048924285,57617.612742524, An-asteroid-orbit-contained-entirely-within-the-orbit-of-the-Eart  
289,3989242-(2020 BN10),True,171.0625637514,382.5075209536,1995-02-26,793767960000,earth,16.0719798098,57859.1273154496,  Near-Earth-asteroid-orbits-which-cross-the-Earth’s-orbit-similar-to-that-of-1862-Apollo 
290,3766034-(2016 XQ23),False,581.5070396458,1300.2892700427,1995-02-24,793642200000,earth,10.6718263642,38418.5749110826, Near-Earth-asteroid-orbits-similar-to-that-of-1221-Amor  
291,3627010-(2013 CL129),False,5.5533491158,12.4176661257,1995-02-24,793638240000,earth,12.2801695833,44208.6104999563,  Near-Earth-asteroid-orbits-which-cross-the-Earth’s-orbit-similar-to-that-of-1862-Apollo 
292,3031176-(2000 EB14),False,63.7609789875,142.5738833281,1995-02-24,793651560000,earth,29.9575051775,107847.0186391105,  Near-Earth-asteroid-orbits-similar-to-that-of-2062-Aten  
293,3989653-(2020 CJ1),False,44.9940386047,100.6097289024,1995-02-24,793602540000,earth,3.6067025449,12984.1291616758,  Near-Earth-asteroid-orbits-similar-to-that-of-2062-Aten  
294,3599543-(2012 DQ8),False,146.0679642714,326.6178974458,1995-02-25,793676220000,earth,17.1644285178,61791.9426639731, An-asteroid-orbit-contained-entirely-within-the-orbit-of-the-Eart  
295,3736504-(2015 XN261),False,15.2951935344,34.201092472,1995-02-25,793710840000,earth,4.7740040353,17186.4145271212, Near-Earth-asteroid-orbits-similar-to-that-of-1221-Amor  
296,3771019-(2017 ED3),False,38.4197891064,85.9092601232,1995-02-25,793671960000,earth,4.3442246652,15639.2087947834, An-asteroid-orbit-contained-entirely-within-the-orbit-of-the-Eart  
297,3843177-(2019 NW3),False,63.7609789875,142.5738833281,1995-02-25,793738200000,earth,15.6983661426,56514.118113464,  Near-Earth-asteroid-orbits-which-cross-the-Earth’s-orbit-similar-to-that-of-1862-Apollo 
298,3986764-(2020 BM1),False,20.7469842192,46.3916670422,1995-02-25,793714080000,earth,9.8624570411,35504.8453480715,  Near-Earth-asteroid-orbits-similar-to-that-of-2062-Aten  
299,3646046-(2013 QU1),True,146.0679642714,326.6178974458,1995-02-22,793436460000,earth,19.2231654576,69203.395647432,  Near-Earth-asteroid-orbits-which-cross-the-Earth’s-orbit-similar-to-that-of-1862-Apollo 
300,3780693-(2017 PZ26),False,11.0803882126,24.7765012606,1995-02-22,793434720000,earth,7.1641480595,25790.9330143395, Near-Earth-asteroid-orbits-similar-to-that-of-1221-Amor  
301,3840126-(2018 PM28),False,19.2555078188,43.0566244241,1995-02-22,793468800000,earth,3.559962966,12815.8666774639, Near-Earth-asteroid-orbits-similar-to-that-of-1221-Amor  
302,3005973-(1995 CR),True,121.4940407996,271.6689340891,1995-02-22,793452840000,earth,28.4189571094,102308.2455937979,  Near-Earth-asteroid-orbits-which-cross-the-Earth’s-orbit-similar-to-that-of-1862-Apollo 
303,3348144-(2006 TL),False,44.1118199997,98.6370281305,1995-02-22,793460280000,earth,17.5649076529,63233.6675505206, An-asteroid-orbit-contained-entirely-within-the-orbit-of-the-Eart  
304,3660308-(2014 BR57),False,44.1118199997,98.6370281305,1995-02-22,793432800000,earth,10.5515197723,37985.4711801058,  Near-Earth-asteroid-orbits-which-cross-the-Earth’s-orbit-similar-to-that-of-1862-Apollo 
305,2200840-200840 (2001 XN254),True,802.7031672829,1794.8988477988,1995-02-23,793520520000,earth,10.0294124178,36105.8847039331,  Near-Earth-asteroid-orbits-which-cross-the-Earth’s-orbit-similar-to-that-of-1862-Apollo 
306,3726012-(2015 PS228),False,4.6190746028,10.328564805,1995-02-23,793565520000,earth,10.6105246542,38197.8887550016, Near-Earth-asteroid-orbits-similar-to-that-of-1221-Amor  
307,3664086-(2014 EC49),False,53.0340723319,118.5877908577,1995-02-23,793526820000,earth,20.7028686255,74530.3270516308, An-asteroid-orbit-contained-entirely-within-the-orbit-of-the-Eart  
308,2216985-216985 (2000 QK130),True,160.1603379786,358.1294030194,1995-02-23,793563720000,earth,17.947262088,64610.143516674, Near-Earth-asteroid-orbits-similar-to-that-of-1221-Amor  
309,2455594-455594 (2004 SV55),False,699.1252322458,1563.2915440869,1995-02-23,793552260000,earth,37.6101691531,135396.6089510848,  Near-Earth-asteroid-orbits-which-cross-the-Earth’s-orbit-similar-to-that-of-1862-Apollo 
310,3404525-(2008 EJ),False,291.4439045349,651.6883821679,1995-02-23,793498260000,earth,28.810387646,103717.395525622,  Near-Earth-asteroid-orbits-similar-to-that-of-2062-Aten  
311,3799830-(2018 ES1),False,11.6025908209,25.9441817907,1995-02-23,793551900000,earth,14.9956368105,53984.292517769, An-asteroid-orbit-contained-entirely-within-the-orbit-of-the-Eart  
312,3627116-(2013 DM1),False,265.8,594.3468684194,1995-02-23,793574700000,earth,27.9375247264,100575.0890150731, Near-Earth-asteroid-orbits-similar-to-that-of-1221-Amor  
313,3781977-(2017 SV19),False,26.58,59.4346868419,1995-02-20,793320060000,earth,0.681436673,2453.1720226433,  Near-Earth-asteroid-orbits-which-cross-the-Earth’s-orbit-similar-to-that-of-1862-Apollo 
314,3264547-(2004 YA5),False,80.2703167283,179.4898847799,1995-02-20,793319100000,earth,18.0944504784,65140.0217221424, Near-Earth-asteroid-orbits-similar-to-that-of-1221-Amor  
315,3368184-(2007 CA27),False,146.0679642714,326.6178974458,1995-02-20,793242480000,earth,17.3399436264,62423.7970551548,  Near-Earth-asteroid-orbits-similar-to-that-of-2062-Aten  
316,3625940-(2013 CL22),False,30.5179232594,68.2401509401,1995-02-20,793304040000,earth,13.4359250562,48369.330202288,  Near-Earth-asteroid-orbits-which-cross-the-Earth’s-orbit-similar-to-that-of-1862-Apollo 
317,3744785-(2016 CL264),True,366.9061375314,820.4270648822,1995-02-20,793285920000,earth,21.7309566082,78231.4437895517, Near-Earth-asteroid-orbits-similar-to-that-of-1221-Amor  
318,2152685-152685 (1998 MZ),True,384.1978910643,859.0926012318,1995-02-20,793273140000,earth,18.8746964548,67948.9072373912,  Near-Earth-asteroid-orbits-similar-to-that-of-2062-Aten  
319,2326386-326386 (2001 OA14),False,530.3407233187,1185.8779085771,1995-02-20,793272960000,earth,21.8388396327,78619.8226778388, Near-Earth-asteroid-orbits-similar-to-that-of-1221-Amor  
320,3638380-(2013 JL22),True,146.0679642714,326.6178974458,1995-02-20,793262820000,earth,18.2886298538,65839.0674735529,  Near-Earth-asteroid-orbits-similar-to-that-of-2062-Aten  
321,2526826-526826 (2007 CA27),False,146.0679642714,326.6178974458,1995-02-20,793242480000,earth,17.3399435263,62423.7966946249, An-asteroid-orbit-contained-entirely-within-the-orbit-of-the-Eart  
322,2303450-303450 (2005 BY2),True,211.1324447897,472.1064988055,1995-02-21,793339620000,earth,6.5617579266,23622.3285357672,  Near-Earth-asteroid-orbits-which-cross-the-Earth’s-orbit-similar-to-that-of-1862-Apollo 
323,3596492-(2012 BV61),False,24.2412481101,54.2050786336,1995-02-21,793378980000,earth,10.5124589424,37844.8521924812, Near-Earth-asteroid-orbits-similar-to-that-of-1221-Amor  
324,3743607-(2016 CV193),False,80.2703167283,179.4898847799,1995-02-21,793402980000,earth,5.279469911,19006.0916796957, An-asteroid-orbit-contained-entirely-within-the-orbit-of-the-Eart  
325,3744694-(2016 DH),False,8.4053340207,18.7948982439,1995-02-21,793404960000,earth,5.439276664,19581.3959904839,  Near-Earth-asteroid-orbits-which-cross-the-Earth’s-orbit-similar-to-that-of-1862-Apollo 
326,3770349-(2017 EU),False,231.5021222103,517.6544821978,1995-02-21,793376220000,earth,24.5854821807,88507.7358504059, Near-Earth-asteroid-orbits-similar-to-that-of-1221-Amor  
327,2311554-311554 (2006 BQ147),False,483.6764882185,1081.533506775,1995-02-21,793387740000,earth,15.474761059,55709.1398122884, Near-Earth-asteroid-orbits-similar-to-that-of-1221-Amor  
328,2267136-267136 (2000 EF104),False,441.1181999969,986.3702813054,1995-02-21,793340220000,earth,16.1803917206,58249.4101939976,  Near-Earth-asteroid-orbits-similar-to-that-of-2062-Aten  
329,3360486-(2006 WE4),False,441.1181999969,986.3702813054,1995-02-21,793381440000,earth,15.1061401776,54382.1046394622,  Near-Earth-asteroid-orbits-which-cross-the-Earth’s-orbit-similar-to-that-of-1862-Apollo 
330,3656919-(2014 BG3),False,160.1603379786,358.1294030194,1995-02-21,793368480000,earth,20.3431731991,73235.4235168198, An-asteroid-orbit-contained-entirely-within-the-orbit-of-the-Eart  
331,3803762-(2018 GY4),False,421.2646105562,941.9763057186,1995-02-21,793371240000,earth,29.7324258494,107036.7330578476,  Near-Earth-asteroid-orbits-similar-to-that-of-2062-Aten  
332,3989652-(2020 CH1),False,21.5255856699,48.1326728134,1995-02-21,793404900000,earth,6.9980827579,Unknown, Near-Earth-asteroid-orbits-similar-to-that-of-1221-Amor  
